Employee Name,Department,City,Annual Salary,Hire Date,Project
Rahul,Engineering,Bangalore,185000,2019-03-01,Project Alpha
Amit,Engineering,Bangalore,120000,2021-06-15,Project Alpha
Neha,Engineering,Pune,115000,2022-01-10,Project Gamma
Priya,Data,Bangalore,140000,2020-09-01,Project Gamma
Karan,Data,Mumbai,98000,2023-02-20,Project Beta
Sara,Sales,Mumbai,90000,2021-11-05,
Vikram,Sales,Delhi,87000,2022-07-18,
Anita,Sales,Delhi,93000,2020-04-12,
Rohit,Support,Pune,65000,2023-05-30,Project Beta
Meera,Support,Pune,68000,2022-08-22,Project Beta
Arjun,Engineering,Hyderabad,132000,2020-12-01,Project Alpha
Divya,Data,Hyderabad,126000,2021-03-14,Project Gamma
